<?xml version = '1.0' encoding = 'UTF-8'?>
<Entity class="oracle.dbtools.crest.model.design.logical.Entity" directorySegmentName="seg_0" id="BC6CA9A9-AE76-98AB-9421-87632C0E7263" name="manageri_depozit">
<createdBy>npint</createdBy>
<createdTime>2022-10-21 14:32:06 UTC</createdTime>
<ownerDesignName>Gestionare Curieri</ownerDesignName>
<engineerTo>
<item key="0FE92E86-731B-CC53-681B-AF132B5E31A7" value="true"/>
</engineerTo>
<adequatelyNormalized>NO</adequatelyNormalized>
<expectedVolumes>0</expectedVolumes>
<fwdEngineeringStrategyName>Single Table</fwdEngineeringStrategyName>
<growthPercent>0</growthPercent>
<growthType>Year</growthType>
<maxVolumes>9999999</maxVolumes>
<minVolumes>0</minVolumes>
<normalForm>Third</normalForm>
<attributes itemClass="oracle.dbtools.crest.model.design.logical.Attribute">
<Attribute name="id_manager" id="798B881D-7618-F2ED-A8AF-EF6467BED98E">
<createdBy>npint</createdBy>
<createdTime>2022-10-21 14:32:17 UTC</createdTime>
<ownerDesignName>Gestionare Curieri</ownerDesignName>
<engineerTo>
<item key="0FE92E86-731B-CC53-681B-AF132B5E31A7" value="true"/>
</engineerTo>
<constraintName>manageri_depozit_id_manager_ck</constraintName>
<useDomainConstraints>false</useDomainConstraints>
<use>1</use>
<logicalDatatype>LOGDT019</logicalDatatype>
<dataTypePrecision>1</dataTypePrecision>
<checkConstraint>
<implementationDef dbType="Generic Constraint" definition="id_manager &gt; 0"/>
</checkConstraint>
<ownDataTypeParameters>,1,</ownDataTypeParameters>
</Attribute>
<Attribute name="nume" id="60F33DDF-956B-F61F-3D04-33B66C72DD74">
<createdBy>npint</createdBy>
<createdTime>2022-10-21 14:32:26 UTC</createdTime>
<ownerDesignName>Gestionare Curieri</ownerDesignName>
<engineerTo>
<item key="0FE92E86-731B-CC53-681B-AF132B5E31A7" value="true"/>
</engineerTo>
<constraintName>manageri_depozit_nume_ck</constraintName>
<useDomainConstraints>false</useDomainConstraints>
<use>1</use>
<logicalDatatype>LOGDT024</logicalDatatype>
<dataTypeSize>15</dataTypeSize>
<checkConstraint>
<implementationDef dbType="Generic Constraint" definition="regexp_like(nume,&apos;^[A-Za-z]+((\s)?(-)?([A-Za-z])+)*$&apos;)"/>
</checkConstraint>
<ownDataTypeParameters>15,,</ownDataTypeParameters>
</Attribute>
<Attribute name="prenume" id="668D2ED3-17C9-BA04-57E4-CAEFF4F144E7">
<createdBy>npint</createdBy>
<createdTime>2022-11-18 11:30:00 UTC</createdTime>
<ownerDesignName>Gestionare Curieri</ownerDesignName>
<engineerTo>
<item key="0FE92E86-731B-CC53-681B-AF132B5E31A7" value="true"/>
</engineerTo>
<constraintName>manageri_depozit_prenume_ck</constraintName>
<useDomainConstraints>false</useDomainConstraints>
<use>1</use>
<logicalDatatype>LOGDT024</logicalDatatype>
<dataTypeSize>25</dataTypeSize>
<checkConstraint>
<implementationDef dbType="Generic Constraint" definition="regexp_like(prenume,&apos;^[A-Za-z]+((\s)?(-)?([A-Za-z])+)*$&apos;)"/>
</checkConstraint>
<ownDataTypeParameters>25,,</ownDataTypeParameters>
</Attribute>
</attributes>
<identifiers itemClass="oracle.dbtools.crest.model.design.logical.CandidateKey">
<identifier id="7B25817A-054E-71D0-DD4F-0E77DE04A177" name="manageri_depozit PK">
<createdBy>npint</createdBy>
<createdTime>2022-10-21 14:32:24 UTC</createdTime>
<ownerDesignName>Gestionare Curieri</ownerDesignName>
<shouldEngineer>false</shouldEngineer>
<engineerTo>
<item key="0FE92E86-731B-CC53-681B-AF132B5E31A7" value="false"/>
</engineerTo>
<pk>true</pk>
<newElementsIDs>798B881D-7618-F2ED-A8AF-EF6467BED98E</newElementsIDs>
<usedAttributes>
<attributeRef>798B881D-7618-F2ED-A8AF-EF6467BED98E</attributeRef>
</usedAttributes>
</identifier>
</identifiers>
</Entity>