<?xml version = '1.0' encoding = 'UTF-8'?>
<relationalModel class="oracle.dbtools.crest.model.design.relational.RelationalDesign" name="Relational_1" id="0FE92E86-731B-CC53-681B-AF132B5E31A7" mainViewID="6D67EE79-D427-53D5-440F-B73FA1459270">
<createdBy>npint</createdBy>
<createdTime>2022-10-21 14:31:54 UTC</createdTime>
<ownerDesignName>Gestionare Curieri</ownerDesignName>
<shouldBeOpen>true</shouldBeOpen>
<selectedRDBMSSite>32076570-2523-435C-2E92-BF29817DFF70</selectedRDBMSSite>
</relationalModel>