<?xml version = '1.0' encoding = 'UTF-8'?>
<Diagram class="oracle.dbtools.crest.swingui.logical.DPVLogical" name="Logical" id="C8BE282B-5A02-5EC8-5A65-DC36B98DBEA8">
<createdBy>npint</createdBy>
<modifiedBy>npint</modifiedBy>
<createdTime>2022-10-21 14:32:06 UTC</createdTime>
<autoRoute>false</autoRoute>
<boxInbox>true</boxInbox>
<showLegend>false</showLegend>
<showLabels>true</showLabels>
<showRelAttributes>false</showRelAttributes>
<gridEnabled>false</gridEnabled>
<showGrid>false</showGrid>
<diagramColor>-1</diagramColor>
<display>false</display>
<notation>1</notation>
<objectViews>
<OView class="oracle.dbtools.crest.swingui.logical.TVEntity" oid="29BAD610-FEE2-0424-2DD1-A10C6CC3C6F7" otype="Entity" vid="21E7D5AC-C843-860A-A582-2933B0758EC8">
<hideElementsInCurrentOnly>false</hideElementsInCurrentOnly>
<bounds x="563" y="77" width="87" height="54"/>
</OView>
<OView class="oracle.dbtools.crest.swingui.logical.TVEntity" oid="3FA98220-BCE3-7282-3A08-E25269A7FABB" otype="Entity" vid="82C92AB4-4120-E535-A1E6-D5EF802DF949">
<hideElementsInCurrentOnly>false</hideElementsInCurrentOnly>
<bounds x="77" y="359" width="121" height="68"/>
</OView>
<OView class="oracle.dbtools.crest.swingui.logical.TVEntity" oid="62735341-8F25-3133-0595-2AAB11DE6C00" otype="Entity" vid="E62138A9-4065-EE1D-A84F-2011CFB023C8">
<hideElementsInCurrentOnly>false</hideElementsInCurrentOnly>
<bounds x="550" y="371" width="120" height="54"/>
</OView>
<OView class="oracle.dbtools.crest.swingui.logical.TVEntity" oid="AD68EA75-9FB3-CB82-A1FD-767D0B08885A" otype="Entity" vid="7F69D53E-2154-9C16-4A67-BE0655FAAB22">
<hideElementsInCurrentOnly>false</hideElementsInCurrentOnly>
<bounds x="90" y="58" width="108" height="68"/>
</OView>
<OView class="oracle.dbtools.crest.swingui.logical.TVEntity" oid="BC6CA9A9-AE76-98AB-9421-87632C0E7263" otype="Entity" vid="0D22D6B4-6322-6C92-1324-ECC20084D4CC">
<hideElementsInCurrentOnly>false</hideElementsInCurrentOnly>
<bounds x="554" y="208" width="122" height="68"/>
</OView>
<OView class="oracle.dbtools.crest.swingui.logical.TVEntity" oid="F7EBB9A1-2249-5DBE-B689-4CD97DBEE3E5" otype="Entity" vid="36F35A12-35FB-E7CC-09A7-E6CCFBA45007">
<hideElementsInCurrentOnly>false</hideElementsInCurrentOnly>
<bounds x="72" y="196" width="102" height="68"/>
</OView>
</objectViews>
<connectors>
<Connector class="oracle.dbtools.crest.swingui.logical.TVRelation" oid="22A56D2C-13C0-FBEA-8B98-1FDB1F5BD6C5" otype="Relation" vid_source="36F35A12-35FB-E7CC-09A7-E6CCFBA45007" vid_target="82C92AB4-4120-E535-A1E6-D5EF802DF949">
<hideElementsInCurrentOnly>false</hideElementsInCurrentOnly>
<backgroundColor>-16777216</backgroundColor>
<lineWidth>1</lineWidth>
<sourceLabel class="oracle.dbtools.crest.model.design.Label">
<site>0</site>
<labelBounds x="125" y="285" width="45" height="15"/>
<noBackgroundColor>true</noBackgroundColor>
<noForegroundColor>true</noForegroundColor>
</sourceLabel>
<targetLabel class="oracle.dbtools.crest.model.design.Label">
<site>2</site>
<labelBounds x="125" y="323" width="48" height="30"/>
<noBackgroundColor>true</noBackgroundColor>
<noForegroundColor>true</noForegroundColor>
</targetLabel>
<points>
<point x="125" y="264"/>
<point x="125" y="359"/>
</points>
</Connector>
<Connector class="oracle.dbtools.crest.swingui.logical.TVRelation" oid="36D2D073-7DCD-7A61-C6AD-D42F403FA073" otype="Relation" vid_source="36F35A12-35FB-E7CC-09A7-E6CCFBA45007" vid_target="7F69D53E-2154-9C16-4A67-BE0655FAAB22">
<hideElementsInCurrentOnly>false</hideElementsInCurrentOnly>
<backgroundColor>-16777216</backgroundColor>
<lineWidth>1</lineWidth>
<sourceLabel class="oracle.dbtools.crest.model.design.Label">
<site>0</site>
<labelBounds x="132" y="152" width="60" height="30"/>
<noBackgroundColor>true</noBackgroundColor>
<noForegroundColor>true</noForegroundColor>
</sourceLabel>
<targetLabel class="oracle.dbtools.crest.model.design.Label">
<site>2</site>
<labelBounds x="132" y="162" width="67" height="30"/>
<noBackgroundColor>true</noBackgroundColor>
<noForegroundColor>true</noForegroundColor>
</targetLabel>
<points>
<point x="132" y="196"/>
<point x="132" y="126"/>
</points>
</Connector>
<Connector class="oracle.dbtools.crest.swingui.logical.TVRelation" oid="522A26EC-65E7-65A4-9EF1-6D6BFE22E2AA" otype="Relation" vid_source="E62138A9-4065-EE1D-A84F-2011CFB023C8" vid_target="82C92AB4-4120-E535-A1E6-D5EF802DF949">
<hideElementsInCurrentOnly>false</hideElementsInCurrentOnly>
<backgroundColor>-16777216</backgroundColor>
<lineWidth>1</lineWidth>
<sourceLabel class="oracle.dbtools.crest.model.design.Label">
<site>0</site>
<labelBounds x="498" y="368" width="46" height="30"/>
<noBackgroundColor>true</noBackgroundColor>
<noForegroundColor>true</noForegroundColor>
</sourceLabel>
<targetLabel class="oracle.dbtools.crest.model.design.Label">
<site>2</site>
<labelBounds x="208" y="401" width="56" height="30"/>
<noBackgroundColor>true</noBackgroundColor>
<noForegroundColor>true</noForegroundColor>
</targetLabel>
<points>
<point x="550" y="398"/>
<point x="198" y="398"/>
</points>
</Connector>
<Connector class="oracle.dbtools.crest.swingui.logical.TVRelation" oid="5D41D319-5B73-D8C2-A6C3-59BBD816C7FA" otype="Relation" vid_source="21E7D5AC-C843-860A-A582-2933B0758EC8" vid_target="7F69D53E-2154-9C16-4A67-BE0655FAAB22">
<hideElementsInCurrentOnly>false</hideElementsInCurrentOnly>
<backgroundColor>-16777216</backgroundColor>
<lineWidth>1</lineWidth>
<sourceLabel class="oracle.dbtools.crest.model.design.Label">
<site>0</site>
<labelBounds x="487" y="55" width="70" height="31"/>
<noBackgroundColor>true</noBackgroundColor>
<noForegroundColor>true</noForegroundColor>
</sourceLabel>
<targetLabel class="oracle.dbtools.crest.model.design.Label">
<site>2</site>
<labelBounds x="208" y="89" width="34" height="31"/>
<noBackgroundColor>true</noBackgroundColor>
<noForegroundColor>true</noForegroundColor>
</targetLabel>
<points>
<point x="563" y="86"/>
<point x="198" y="86"/>
</points>
</Connector>
<Connector class="oracle.dbtools.crest.swingui.logical.TVRelation" oid="878E15AB-7A16-5219-660C-9F5B1DE22F03" otype="Relation" vid_source="0D22D6B4-6322-6C92-1324-ECC20084D4CC" vid_target="36F35A12-35FB-E7CC-09A7-E6CCFBA45007">
<hideElementsInCurrentOnly>false</hideElementsInCurrentOnly>
<backgroundColor>-16777216</backgroundColor>
<lineWidth>1</lineWidth>
<sourceLabel class="oracle.dbtools.crest.model.design.Label">
<site>0</site>
<labelBounds x="462" y="206" width="86" height="30"/>
<noBackgroundColor>true</noBackgroundColor>
<noForegroundColor>true</noForegroundColor>
</sourceLabel>
<targetLabel class="oracle.dbtools.crest.model.design.Label">
<site>2</site>
<labelBounds x="184" y="239" width="64" height="30"/>
<noBackgroundColor>true</noBackgroundColor>
<noForegroundColor>true</noForegroundColor>
</targetLabel>
<points>
<point x="554" y="236"/>
<point x="174" y="236"/>
</points>
</Connector>
</connectors>
</Diagram>